phage,isolates,condition,varients,N,phage_score,sd,se,ci
EnA02,AH17D011,Ancestor,Ancestor,2,0.844792276,0.004592676928582908,0.0032475129999999792,0.04126356506138862
EnA02,AH17D011,Ev_A47,Evovlved,2,0.8717671155,0.005089182561594822,0.003598595500000023,0.04572449118567723
EnA02,AH17D011,Ev_B47,Evovlved,2,0.8437975424999999,0.013860782785244278,0.00980105349999999,0.12453419240120142
EnA02,AH18J015,Ancestor,Ancestor,2,0.8518040259999999,0.026801844508121276,0.01895176599999998,0.24080501890807426
EnA02,AH18J015,Ev_A47,Evovlved,2,0.9285985564999999,8.056668598822294e-4,5.696924999999964e-4,0.007238629541663155
EnA02,AH18J015,Ev_B47,Evovlved,2,0.7887200910000001,0.025566489363408693,0.018078238000000024,0.2297057932972936
EnA02,AH19B061,Ancestor,Ancestor,2,0.2319855885,8.492076670405775e-4,6.004805000000001e-4,0.007629828173080548
EnA02,AH19B061,Ev_A47,Evovlved,2,0.2944355485,0.008209005562440847,0.005804643500000012,0.0737549887315058
EnA02,AH19B061,Ev_B47,Evovlved,2,0.165532426,0.07105036090262827,0.050240191999999996,0.6383621655367259
EnA02,AH19K020,Ancestor,Ancestor,2,0.2565619225,0.08155908136424073,0.05767097949999999,0.7327792728627335
EnA02,AH19K020,Ev_A47,Evovlved,2,0.07707948249999999,0.02117399224325929,0.014972273500000001,0.19024077245700285
EnA02,AH19K020,Ev_B47,Evovlved,2,0.782624769,0.049876515030472704,0.03526802200000001,0.44812270817191335
EnA02,AH20F054,Ancestor,Ancestor,2,0.550018322,0.08757863401632747,0.06192744599999999,0.7868628076644024
EnA02,AH20F054,Ev_A47,Evovlved,2,0.33345547799999997,0.0025910839052138293,0.00183217300000002,0.02327996525009165
EnA02,AH20F054,Ev_B47,Evovlved,2,0.0071454745,0.019433129289103505,0.0137412975,0.17459973937568546
EnA02,APO16,Ancestor,Ancestor,2,0.107653791,0.009610177954448495,0.0067954219999999945,0.08634402320070562
EnA02,APO16,Ev_A47,Evovlved,2,0.34370529299999997,0.010115977091885501,0.007153076000000007,0.09088844814941761
EnA02,APO16,Ev_B47,Evovlved,2,0.1046137335,0.025542841591325433,0.018061516499999996,0.2294933264947973
EnA02,APO23,Ancestor,Ancestor,2,-0.0104870245,0.0017595977483233203,0.0012442234999999998,0.015809358528559848
EnA02,APO23,Ev_A47,Evovlved,2,0.047458229500000004,0.013322666039479951,0.009420547499999998,0.11969940526185863
EnA02,APO23,Ev_B47,Evovlved,2,-0.01955208,0.01558500539551841,0.011020262999999999,0.1400257179244907
EnA02,APO24,Ancestor,Ancestor,2,0.410200364,0.07109707520502058,0.050273224,0.6387818768915712
EnA02,APO24,Ev_A47,Evovlved,2,0.067395264,0.02421422118349463,0.01712204,0.21755614574097254
EnA02,APO24,Ev_B47,Evovlved,2,-0.0182149365,0.008243139020982268,0.0058287795,0.07406166568901795
EnA02,APO25,Ancestor,Ancestor,2,0.1269150415,0.017973117834726514,0.012708913499999995,0.16148205690533443
EnA02,APO25,Ev_A47,Evovlved,2,0.37761142049999996,0.04505589869544037,0.031859331500000004,0.4048111887966596
EnA02,APO25,Ev_B47,Evovlved,2,0.125,0.020681395496533826,0.014623954999999992,0.18581496628260546
EnA02,APO56,Ancestor,Ancestor,2,0.015680826,0.011509082102626602,0.008138149999999999,0.10340500007370006
EnA02,APO56,Ev_A47,Evovlved,2,-0.0031758635,0.01908823371393908,0.0134974195,0.17150097557703664
EnA02,APO56,Ev_B47,Evovlved,2,-0.0023818975,0.0022456742634194525,0.0015879315,0.020176582746020983
EnA02,APO57,Ancestor,Ancestor,2,0.916013909,0.0010094133149201553,7.137630000000338e-4,0.009069218811106686
EnA02,APO57,Ev_A47,Evovlved,2,0.8908674965,0.042162406433116494,0.029813323499999985,0.37881419225680807
EnA02,APO57,Ev_B47,Evovlved,2,0.899762079,0.00261412144414489,0.0018484630000000224,0.023486949325243964
EnA02,CPO006,Ancestor,Ancestor,2,0.718906942,0.267802332035679,0.189364845,2.4061084904039864
EnA02,CPO006,Ev_A47,Evovlved,2,0.78648449,0.20205289045631078,0.142872969,1.8153731953791399
EnA02,CPO006,Ev_B47,Evovlved,2,0.69278065,0.334779026730261,0.23672452,3.0078702171926808
EnA02,CPO017,Ancestor,Ancestor,2,0.2696363635,0.0048854650979349296,0.003454545499999989,0.04389416239343083
EnA02,CPO017,Ev_A47,Evovlved,2,0.356363636,0.004114075946377513,0.002909091000000002,0.0369635058421632
EnA02,CPO017,Ev_B47,Evovlved,2,0.31709090900000003,0.0046283349093446165,0.0032727270000000026,0.04158393930760682
EnA02,CPO020,Ancestor,Ancestor,2,0.798353835,0.009388863431431993,0.00663892899999996,0.08435559110292701
EnA02,CPO020,Ev_A47,Evovlved,2,0.890249638,0.024073352784760214,0.017022431000000005,0.21629049339340697
EnA02,CPO020,Ev_B47,Evovlved,2,0.5940665705,0.03837410165189942,0.02713458749999997,0.3447776242066462
EnA02,CPO053,Ancestor,Ancestor,2,0.39377488250000003,0.0025591997533433095,0.0018096274999999937,0.022993497511211887
EnA02,CPO053,Ev_A47,Evovlved,2,0.337676439,0.15918219990921703,0.11255881299999998,1.4301953228388014
EnA02,CPO053,Ev_B47,Evovlved,2,-0.013572204000000001,2.559203288877226e-4,1.8096300000000013e-4,0.0022993529276723827
EnA02,CPO066,Ancestor,Ancestor,2,0.43244719600000003,0.18205553308933406,0.128732702,1.6357040678529653
EnA02,CPO066,Ev_A47,Evovlved,2,0.5952294245,0.0018025304436498186,0.0012745814999999827,0.016195093491940423
EnA02,CPO066,Ev_B47,Evovlved,2,0.175163875,0.1297821622443039,0.09176984699999999,1.1660464645894266
EnA02,CPO081,Ancestor,Ancestor,2,0.0103626945,0.005757346143914269,0.0040710585,0.051727702793944244
EnA02,CPO081,Ev_A47,Evovlved,2,-0.0072168760000000005,0.004448858480357406,0.0031458180000000003,0.039971407570743606
EnA02,CPO081,Ev_B47,Evovlved,2,-0.012583272,0.0026169753271137273,0.001850481,0.02351259044640128
EnA02,CPO091,Ancestor,Ancestor,2,0.268683274,0.011575412961342625,0.008185053000000025,0.1040009591944412
EnA02,CPO091,Ev_A47,Evovlved,2,0.3731316725,0.03145492744770066,0.0222419925,0.28261131044546195
EnA02,CPO091,Ev_B47,Evovlved,2,0.15658363,0.013588528996817938,0.009608540999999996,0.12208808916192868
EnA02,CPO093,Ancestor,Ancestor,2,0.1076978675,0.014310798268713476,0.010119262500000002,0.12857742110409498
EnA02,CPO093,Ev_A47,Evovlved,2,0.1857607515,0.039354696122845534,0.027827972500000006,0.35358791597763917
EnA02,CPO093,Ev_B47,Evovlved,2,0.0059631365000000006,0.0053665494391559,0.0037947235,0.04821653370817341
EnA02,CPO123,Ancestor,Ancestor,2,0.32430531149999997,0.006466681725675085,0.004572634499999978,0.05810083014069552
EnA02,CPO123,Ev_A47,Evovlved,2,0.08529722149999999,0.0325821277818037,0.0230390435,0.29273880363663474
EnA02,CPO123,Ev_B47,Evovlved,2,-0.0117833275,0.0012435922316066878,8.793525000000004e-4,0.01117323290026706
EnA02,CPO165,Ancestor,Ancestor,2,0.2878521125,0.00771841912029429,0.005457746499999999,0.06934724442714084
EnA02,CPO165,Ev_A47,Evovlved,2,0.095598592,0.002240831289075104,0.0015845069999999987,0.020133070347901936
EnA02,CPO165,Ev_B47,Evovlved,2,-0.0026408449999999993,0.008714344373363265,0.006161971999999999,0.07829527781057583
EnA02,CPO166,Ancestor,Ancestor,2,-0.007115136,0.008232808898015915,0.0058214750000000004,0.07396885321652258
EnA02,CPO166,Ev_A47,Evovlved,2,0.0329883575,0.011281996881168889,0.0079775765,0.10136472030749592
EnA02,CPO166,Ev_B47,Evovlved,2,-0.017248814,6.098371723665254e-4,4.3121999999999947e-4,0.005479169606333244
EnA02,CPO177,Ancestor,Ancestor,2,0.32430531149999997,0.006466681725675085,0.004572634499999978,0.05810083014069552
EnA02,CPO177,Ev_A47,Evovlved,2,0.08529722149999999,0.0325821277818037,0.0230390435,0.29273880363663474
EnA02,CPO177,Ev_B47,Evovlved,2,-0.0117833275,0.0012435922316066878,8.793525000000004e-4,0.01117323290026706
EnA02,CPO179,Ancestor,Ancestor,2,0.0236570615,0.017860042975133418,0.0126289575,0.1604661195994489
EnA02,CPO179,Ev_A47,Evovlved,2,0.023479188999999998,0.010565095963956125,0.007470650999999999,0.09492362111850819
EnA02,CPO179,Ev_B47,Evovlved,2,0.0225898255,0.002263948731072436,0.0016008534999999988,0.020340772323621817
EnA02,CPO239,Ancestor,Ancestor,2,0.661095101,0.002920806383067498,0.0020653219999999806,0.026242404178125543
EnA02,CPO239,Ev_A47,Evovlved,2,0.0797310275,0.009509601207212871,0.0067243035,0.08544037697917606
EnA02,CPO239,Ev_B47,Evovlved,2,0.0201729105,0.01766068836031349,0.012487992499999998,0.158674989448814
EnA02,CPO244,Ancestor,Ancestor,2,-0.047628381,0.03575726138218094,0.025284202000000002,0.3212662472027977
EnA02,CPO244,Ev_A47,Evovlved,2,-0.031164249499999998,8.315639386364121e-4,5.880045000000011e-4,0.007471305562792046
EnA02,CPO244,Ev_B47,Evovlved,2,-0.0460603685,0.010810335444914025,0.0076440614999999995,0.09712701043491062
EnA02,CPO268,Ancestor,Ancestor,2,0.5614164515,0.016693041014530924,0.011803762499999981,0.149981022982181
EnA02,CPO268,Ev_A47,Evovlved,2,0.6311877535,0.059025549762036535,0.04173736650000004,0.5303235238977595
EnA02,CPO268,Ev_B47,Evovlved,2,0.216709701,0.036776855620536564,0.026005163999999997,0.33042693798179956
EnA02,CPO272,Ancestor,Ancestor,2,-0.025411061500000002,0.009512647423226226,0.006726457500000001,0.08546774614417779
EnA02,CPO272,Ev_A47,Evovlved,2,-0.017376681499999998,0.01241928904325302,0.0087817635,0.11158288497566604
EnA02,CPO272,Ev_B47,Evovlved,2,-0.0164424515,0.007398726245024917,0.0052316895,0.06647491790309541
EnA02,CPO287,Ancestor,Ancestor,2,0.488505747,0.016255328481947648,0.011494253000000008,0.14604833190739028
EnA02,CPO287,Ev_A47,Evovlved,2,0.3435704025,0.023621024355009772,0.016702586500000005,0.21222648369266756
EnA02,CPO287,Ev_B47,Evovlved,2,-0.0057471265,0.002031915883466759,0.0014367814999999998,0.018256039900148176
EnA02,CPO299,Ancestor,Ancestor,2,0.1030774935,0.013633501695208192,0.009640341500000003,0.12249215282564148
EnA02,CPO299,Ev_A47,Evovlved,2,0.30126066,0.015468779668108326,0.010938078999999988,0.13898147119445278
EnA02,CPO299,Ev_B47,Evovlved,2,-0.026325547,0.011011673494255178,0.007786429000000001,0.09893596103768798
EnA02,CPO312,Ancestor,Ancestor,2,0.131523272,0.010970627359820852,0.007757404999999994,0.09856717615142517
EnA02,CPO312,Ev_A47,Evovlved,2,0.38134696749999997,0.08352636556658673,0.059062059500000014,0.7504546201471317
EnA02,CPO312,Ev_B47,Evovlved,2,0.09820169249999999,0.005235980757796245,0.003702397500000003,0.04704342064970138
EnA02,CPO351,Ancestor,Ancestor,2,0.0013035380000000001,0.0050037350710494255,0.0035381749999999997,0.04495677594241489
EnA02,CPO351,Ev_A47,Evovlved,2,0.009124766999999999,0.015011205213148276,0.010614525,0.13487032782724467
EnA02,CPO351,Ev_B47,Evovlved,2,-0.011173184499999999,0.006847216896824907,0.0048417135,0.061519803004900946
EnA02,CPO353,Ancestor,Ancestor,2,0.20216275649999998,0.005443270524914647,0.003848973500000005,0.04890584531511094
EnA02,CPO353,Ev_A47,Evovlved,2,0.21920821150000003,0.002592033549620934,0.0018328444999999997,0.02328849746657173
EnA02,CPO353,Ev_B47,Evovlved,2,0.2358870965,0.03551086083188834,0.02510997050000001,0.31905242609230694
EnA02,CPO390,Ancestor,Ancestor,2,-0.00534858,0.004955746562237419,0.003504242,0.04452561629710228
EnA02,CPO390,Ev_A47,Evovlved,2,-0.008668387999999999,2.6082906416271916e-4,1.844339999999998e-4,0.002343456164311641
EnA02,CPO390,Ev_B47,Evovlved,2,-0.011434895,0.017214698435749607,0.012172629999999999,0.15466792895770212
EnA02,CPO391,Ancestor,Ancestor,2,-0.00607064,0.003382040822727011,0.0023914639999999994,0.030386431203191268
EnA02,CPO391,Ev_A47,Evovlved,2,0.0023914645,0.00910549533861901,0.0064385575,0.08180962980063308
EnA02,CPO391,Ev_B47,Evovlved,2,-3.679175e-4,0.0010406285437755875,7.358355e-4,0.009349676515145473
EnA02,CPO448,Ancestor,Ancestor,2,0.015271493,0.009865365720710915,0.006975866999999999,0.08863679431432474
EnA02,CPO448,Ev_A47,Evovlved,2,-0.0018853695,0.007465682186135471,0.0052790345,0.0670764931663296
EnA02,CPO448,Ev_B47,Evovlved,2,-0.014894419499999999,0.004532736193848535,0.0032051285000000004,0.04072501892674849
EnC07,AH17D011,An_EnC07,Ancestor,1,0.719156415,NA,NA,NA
EnC07,AH17D011,Ev_B,Evovlved,2,0.7788517865,0.07464595292302108,0.05278265949999999,0.6706672781267959
EnC07,AH17D011,Ev_C,Evovlved,1,0.390158172,NA,NA,NA
EnC07,AH17D011,Ev_D,Evovlved,1,0.688810779,NA,NA,NA
EnC07,AH17D011,Ev_E,Evovlved,1,0.75635618,NA,NA,NA
EnC07,AH18J015,An_EnC07,Ancestor,1,0.035247093,NA,NA,NA
EnC07,AH18J015,Ev_B,Evovlved,2,0.351380814,0.0015416568317599118,0.001090116000000002,0.013851237082179838
EnC07,AH18J015,Ev_C,Evovlved,1,0.094113372,NA,NA,NA
EnC07,AH18J015,Ev_D,Evovlved,1,0.058139535,NA,NA,NA
EnC07,AH18J015,Ev_E,Evovlved,1,0.293241279,NA,NA,NA
EnC07,AH19B061,An_EnC07,Ancestor,1,0.052330023,NA,NA,NA
EnC07,AH19B061,Ev_B,Evovlved,2,0.081932773,0.0045916021262755406,0.003246753000000005,0.04125390834578945
EnC07,AH19B061,Ev_C,Evovlved,1,0.056531704,NA,NA,NA
EnC07,AH19B061,Ev_D,Evovlved,1,0.072574484,NA,NA,NA
EnC07,AH19B061,Ev_E,Evovlved,1,0.050038197,NA,NA,NA
EnC07,AH19K020,An_EnC07,Ancestor,1,0.049127803,NA,NA,NA
EnC07,AH19K020,Ev_B,Evovlved,2,0.0331078675,0.004027663962182609,0.0028479885000000007,0.03618712496727107
EnC07,AH19K020,Ev_C,Evovlved,1,0.031327875,NA,NA,NA
EnC07,AH19K020,Ev_D,Evovlved,1,0.038091848,NA,NA,NA
EnC07,AH19K020,Ev_E,Evovlved,1,0.059095764,NA,NA,NA
EnC07,AH20F054,An_EnC07,Ancestor,1,0.048441734,NA,NA,NA
EnC07,AH20F054,Ev_B,Evovlved,2,0.0377710025,0.002634882806347278,0.0018631435000000007,0.023673482763873103
EnC07,AH20F054,Ev_C,Evovlved,1,0.02303523,NA,NA,NA
EnC07,AH20F054,Ev_D,Evovlved,1,0.020325203,NA,NA,NA
EnC07,AH20F054,Ev_E,Evovlved,1,0.026422764,NA,NA,NA
EnC07,APO16,An_EnC07,Ancestor,1,0.860148148,NA,NA,NA
EnC07,APO16,Ev_B,Evovlved,2,0.9095185185,0.003037940742691424,0.0021481485000000022,0.02729481464470659
EnC07,APO16,Ev_C,Evovlved,1,0.883703704,NA,NA,NA
EnC07,APO16,Ev_D,Evovlved,1,0.876148148,NA,NA,NA
EnC07,APO16,Ev_E,Evovlved,1,0.912333333,NA,NA,NA
EnC07,APO23,An_EnC07,Ancestor,1,0.041563055,NA,NA,NA
EnC07,APO23,Ev_B,Evovlved,2,0.031971581,0.011052467898675393,0.007815275000000002,0.09930248421950769
EnC07,APO23,Ev_C,Evovlved,1,-0.003197158,NA,NA,NA
EnC07,APO23,Ev_D,Evovlved,1,0.014920071,NA,NA,NA
EnC07,APO23,Ev_E,Evovlved,1,0.018827709,NA,NA,NA
EnC07,APO24,An_EnC07,Ancestor,1,0.911777778,NA,NA,NA
EnC07,APO24,Ev_B,Evovlved,2,0.929425926,6.54728553476911e-4,4.6296299999998286e-4,0.005882502663273426
EnC07,APO24,Ev_C,Evovlved,1,0.927814815,NA,NA,NA
EnC07,APO24,Ev_D,Evovlved,1,0.766148148,NA,NA,NA
EnC07,APO24,Ev_E,Evovlved,1,0.929851852,NA,NA,NA
EnC07,APO25,An_EnC07,Ancestor,1,0.905259259,NA,NA,NA
EnC07,APO25,Ev_B,Evovlved,2,0.9241666665,0.0017546720424855805,0.0012407405000000036,0.0157651028174638
EnC07,APO25,Ev_C,Evovlved,1,0.925481481,NA,NA,NA
EnC07,APO25,Ev_D,Evovlved,1,0.742222222,NA,NA,NA
EnC07,APO25,Ev_E,Evovlved,1,0.915740741,NA,NA,NA
EnC07,APO56,An_EnC07,Ancestor,1,0.021563342,NA,NA,NA
EnC07,APO56,Ev_B,Evovlved,2,0.005583365000000001,0.005173287963469461,0.0036580669999999997,0.046480148240644344
EnC07,APO56,Ev_C,Evovlved,1,0.03658067,NA,NA,NA
EnC07,APO56,Ev_D,Evovlved,1,0.025028879,NA,NA,NA
EnC07,APO56,Ev_E,Evovlved,1,-0.015787447,NA,NA,NA
EnC07,APO57,An_EnC07,Ancestor,1,0.779962963,NA,NA,NA
EnC07,APO57,Ev_B,Evovlved,2,0.8874814815000001,8.90430578170121e-4,6.296294999999508e-4,0.008000201334934677
EnC07,APO57,Ev_C,Evovlved,1,0.850851852,NA,NA,NA
EnC07,APO57,Ev_D,Evovlved,1,0.901851852,NA,NA,NA
EnC07,APO57,Ev_E,Evovlved,1,0.880925926,NA,NA,NA
EnC07,CPO006,An_EnC07,Ancestor,1,0.235555556,NA,NA,NA
EnC07,CPO006,Ev_B,Evovlved,2,0.746388889,0.04737615433949865,0.033499999999999974,0.42565785866185185
EnC07,CPO006,Ev_C,Evovlved,1,0.85962963,NA,NA,NA
EnC07,CPO006,Ev_D,Evovlved,1,0.638259259,NA,NA,NA
EnC07,CPO006,Ev_E,Evovlved,1,0.515555556,NA,NA,NA
EnC07,CPO017,An_EnC07,Ancestor,1,0.754836465,NA,NA,NA
EnC07,CPO017,Ev_B,Evovlved,2,0.8999130135,0.010062862766016624,0.007115518499999973,0.0904112348650383
EnC07,CPO017,Ev_C,Evovlved,1,0.761482255,NA,NA,NA
EnC07,CPO017,Ev_D,Evovlved,1,0.56263048,NA,NA,NA
EnC07,CPO017,Ev_E,Evovlved,1,0.895093946,NA,NA,NA
EnC07,CPO020,An_EnC07,Ancestor,1,-0.005411255,NA,NA,NA
EnC07,CPO020,Ev_B,Evovlved,2,0.29022366499999996,0.017090964648536894,0.012085136999999996,0.15355622498671995
EnC07,CPO020,Ev_C,Evovlved,1,0.026695527,NA,NA,NA
EnC07,CPO020,Ev_D,Evovlved,1,0.011183261,NA,NA,NA
EnC07,CPO020,Ev_E,Evovlved,1,0.160533911,NA,NA,NA
EnC07,CPO053,An_EnC07,Ancestor,1,0.013718412,NA,NA,NA
EnC07,CPO053,Ev_B,Evovlved,2,0.0097472925,0.0056160110547042634,0.003971119499999999,0.05045785739881567
EnC07,CPO053,Ev_C,Evovlved,1,0.003610108,NA,NA,NA
EnC07,CPO053,Ev_D,Evovlved,1,0.019494585,NA,NA,NA
EnC07,CPO053,Ev_E,Evovlved,1,-0.009747292,NA,NA,NA
EnC07,CPO066,An_EnC07,Ancestor,1,-0.227944469,NA,NA,NA
EnC07,CPO066,Ev_B,Evovlved,2,0.333407971,0.002216635509236461,0.0015673979999999974,0.01991567989107071
EnC07,CPO066,Ev_C,Evovlved,1,0.712852665,NA,NA,NA
EnC07,CPO066,Ev_D,Evovlved,1,0.700044783,NA,NA,NA
EnC07,CPO066,Ev_E,Evovlved,1,0.245409763,NA,NA,NA
EnC07,CPO081,An_EnC07,Ancestor,1,0.030913012,NA,NA,NA
EnC07,CPO081,Ev_B,Evovlved,2,0.030194105,0.012200260596460143,0.008626887,0.10961499245784388
EnC07,CPO081,Ev_C,Evovlved,1,0.020848311,NA,NA,NA
EnC07,CPO081,Ev_D,Evovlved,1,-0.007189073,NA,NA,NA
EnC07,CPO081,Ev_E,Evovlved,1,0.009345794,NA,NA,NA
EnC07,CPO091,An_EnC07,Ancestor,1,0.742170378,NA,NA,NA
EnC07,CPO091,Ev_B,Evovlved,2,0.9119476845,4.499087103451985e-4,3.181334999999841e-4,0.004042269384435629
EnC07,CPO091,Ev_C,Evovlved,1,0.49416755,NA,NA,NA
EnC07,CPO091,Ev_D,Evovlved,1,0.504065041,NA,NA,NA
EnC07,CPO091,Ev_E,Evovlved,1,0.771933545,NA,NA,NA
EnC07,CPO093,An_EnC07,Ancestor,1,0.02320442,NA,NA,NA
EnC07,CPO093,Ev_B,Evovlved,2,0.034069982,0.003906667385319871,0.0027624309999999992,0.03510001385555578
EnC07,CPO093,Ev_C,Evovlved,1,0.006629834,NA,NA,NA
EnC07,CPO093,Ev_D,Evovlved,1,0.014732965,NA,NA,NA
EnC07,CPO093,Ev_E,Evovlved,1,0.01878453,NA,NA,NA
EnC07,CPO123,An_EnC07,Ancestor,1,0.003245582,NA,NA,NA
EnC07,CPO123,Ev_B,Evovlved,2,-0.0140641905,0.014279834062765312,0.0100973675,0.1282992187513964
EnC07,CPO123,Ev_C,Evovlved,1,-0.016588532,NA,NA,NA
EnC07,CPO123,Ev_D,Evovlved,1,-3.6062e-4,NA,NA,NA
EnC07,CPO123,Ev_E,Evovlved,1,-0.02740714,NA,NA,NA
EnC07,CPO165,An_EnC07,Ancestor,1,0.007809727,NA,NA,NA
EnC07,CPO165,Ev_B,Evovlved,2,0.0035498755,0.0075304234688073485,0.005324813499999999,0.06765817051294692
EnC07,CPO165,Ev_C,Evovlved,1,-0.007099752,NA,NA,NA
EnC07,CPO165,Ev_D,Evovlved,1,0.00141995,NA,NA,NA
EnC07,CPO165,Ev_E,Evovlved,1,-0.007099752,NA,NA,NA
EnC07,CPO166,An_EnC07,Ancestor,1,0.001409443,NA,NA,NA
EnC07,CPO166,Ev_B,Evovlved,2,-0.015151514999999999,0.004983134222086336,0.003523607999999999,0.04477168465802302
EnC07,CPO166,Ev_C,Evovlved,1,-0.016913319,NA,NA,NA
EnC07,CPO166,Ev_D,Evovlved,1,-0.012684989,NA,NA,NA
EnC07,CPO166,Ev_E,Evovlved,1,-0.022198732,NA,NA,NA
EnC07,CPO177,An_EnC07,Ancestor,1,0.005557761,NA,NA,NA
EnC07,CPO177,Ev_B,Evovlved,2,-0.0144898765,2.8070937131577926e-4,1.9849150000000003e-4,0.002522073637390419
EnC07,CPO177,Ev_C,Evovlved,1,-0.017864232,NA,NA,NA
EnC07,CPO177,Ev_D,Evovlved,1,0.003969829,NA,NA,NA
EnC07,CPO177,Ev_E,Evovlved,1,-0.007542676,NA,NA,NA
EnC07,CPO179,An_EnC07,Ancestor,1,-0.33955774,NA,NA,NA
EnC07,CPO179,Ev_B,Evovlved,2,0.3326781325,0.0062545072649122565,0.0044226044999999825,0.05619451824412729
EnC07,CPO179,Ev_C,Evovlved,1,-0.097297297,NA,NA,NA
EnC07,CPO179,Ev_D,Evovlved,1,-0.332678133,NA,NA,NA
EnC07,CPO179,Ev_E,Evovlved,1,0.193611794,NA,NA,NA
EnC07,CPO239,An_EnC07,Ancestor,1,-0.1792669,NA,NA,NA
EnC07,CPO239,Ev_B,Evovlved,2,0.23997709,0.03887872487075932,0.027491409999999994,0.3493114839461202
EnC07,CPO239,Ev_C,Evovlved,1,-0.0721649,NA,NA,NA
EnC07,CPO239,Ev_D,Evovlved,1,-0.0400916,NA,NA,NA
EnC07,CPO239,Ev_E,Evovlved,1,0.57502864,NA,NA,NA
EnC07,CPO244,An_EnC07,Ancestor,1,0.00509832,NA,NA,NA
EnC07,CPO244,Ev_B,Evovlved,2,0.0010925100000000005,0.010300155780967588,0.00728331,0.09254322801702851
EnC07,CPO244,Ev_C,Evovlved,1,-0.0163875,NA,NA,NA
EnC07,CPO244,Ev_D,Evovlved,1,-0.0127458,NA,NA,NA
EnC07,CPO244,Ev_E,Evovlved,1,-0.0029133,NA,NA,NA
EnC07,CPO268,An_EnC07,Ancestor,1,-0.3205066,NA,NA,NA
EnC07,CPO268,Ev_B,Evovlved,2,0.42084754,0.02204327608603134,0.015586950000000016,0.19805097791251833
EnC07,CPO268,Ev_C,Evovlved,1,0.56809547,NA,NA,NA
EnC07,CPO268,Ev_D,Evovlved,1,0.45786654,NA,NA,NA
EnC07,CPO268,Ev_E,Evovlved,1,-0.06868,NA,NA,NA
EnC07,CPO272,An_EnC07,Ancestor,1,0.48549186,NA,NA,NA
EnC07,CPO272,Ev_B,Evovlved,2,0.7692675149999999,0.08134480750344454,0.057519464999999985,0.7308540986052343
EnC07,CPO272,Ev_C,Evovlved,1,0.49929229,NA,NA,NA
EnC07,CPO272,Ev_D,Evovlved,1,0.49929229,NA,NA,NA
EnC07,CPO272,Ev_E,Evovlved,1,0.78595188,NA,NA,NA
EnC07,CPO287,An_EnC07,Ancestor,1,-0.0062615,NA,NA,NA
EnC07,CPO287,Ev_B,Evovlved,2,-0.0160221,0.0033857686896774275,0.0023941,0.03041992475887583
EnC07,CPO287,Ev_C,Evovlved,1,-0.0309392,NA,NA,NA
EnC07,CPO287,Ev_D,Evovlved,1,-0.0224678,NA,NA,NA
EnC07,CPO287,Ev_E,Evovlved,1,-0.0331492,NA,NA,NA
EnC07,CPO299,An_EnC07,Ancestor,1,0.00511322,NA,NA,NA
EnC07,CPO299,Ev_B,Evovlved,2,0.02976625,0.026083924650036852,0.01844412,0.23435476489857437
EnC07,CPO299,Ev_C,Evovlved,1,-0.0325055,NA,NA,NA
EnC07,CPO299,Ev_D,Evovlved,1,-0.0149744,NA,NA,NA
EnC07,CPO299,Ev_E,Evovlved,1,-0.0336012,NA,NA,NA
EnC07,CPO312,An_EnC07,Ancestor,1,0.48428158,NA,NA,NA
EnC07,CPO312,Ev_B,Evovlved,2,0.710366445,0.08653023366191992,0.061186115000000034,0.7774433042011298
EnC07,CPO312,Ev_C,Evovlved,1,0.26219865,NA,NA,NA
EnC07,CPO312,Ev_D,Evovlved,1,0.40867888,NA,NA,NA
EnC07,CPO312,Ev_E,Evovlved,1,0.76017358,NA,NA,NA
EnC07,CPO351,An_EnC07,Ancestor,1,0.02333333,NA,NA,NA
EnC07,CPO351,Ev_B,Evovlved,2,0.001851845,0.004714061707068545,0.0033333449999999997,0.04235416402630423
EnC07,CPO351,Ev_C,Evovlved,1,0.00777778,NA,NA,NA
EnC07,CPO351,Ev_D,Evovlved,1,0.03481481,NA,NA,NA
EnC07,CPO351,Ev_E,Evovlved,1,-0.0055556,NA,NA,NA
EnC07,CPO353,An_EnC07,Ancestor,1,0.02673993,NA,NA,NA
EnC07,CPO353,Ev_B,Evovlved,2,0.21025641,0.00932448984428638,0.006593409999999994,0.0837772173695415
EnC07,CPO353,Ev_C,Evovlved,1,0.59157509,NA,NA,NA
EnC07,CPO353,Ev_D,Evovlved,1,0.6474359,NA,NA,NA
EnC07,CPO353,Ev_E,Evovlved,1,0.28278388,NA,NA,NA
EnC07,CPO390,An_EnC07,Ancestor,1,0.00186289,NA,NA,NA
EnC07,CPO390,Ev_B,Evovlved,2,-0.0089419,0.006849743389354086,0.0048435,0.06154250263966212
EnC07,CPO390,Ev_C,Evovlved,1,-0.0063338,NA,NA,NA
EnC07,CPO390,Ev_D,Evovlved,1,-0.0134128,NA,NA,NA
EnC07,CPO390,Ev_E,Evovlved,1,-0.0227273,NA,NA,NA
EnC07,CPO391,An_EnC07,Ancestor,1,0.00939986,NA,NA,NA
EnC07,CPO391,Ev_B,Evovlved,2,-0.003073035,0.007924920463351666,0.005603764999999999,0.07120258538340997
EnC07,CPO391,Ev_C,Evovlved,1,0.01699205,NA,NA,NA
EnC07,CPO391,Ev_D,Evovlved,1,0.02458424,NA,NA,NA
EnC07,CPO391,Ev_E,Evovlved,1,0.00723066,NA,NA,NA
EnC07,CPO448,An_EnC07,Ancestor,1,0.01354784,NA,NA,NA
EnC07,CPO448,Ev_B,Evovlved,2,0.034504655,0.009879137332381306,0.006985605000000001,0.08876052733604561
EnC07,CPO448,Ev_C,Evovlved,1,0.00804403,NA,NA,NA
EnC07,CPO448,Ev_D,Evovlved,1,-0.0059272,NA,NA,NA
EnC07,CPO448,Ev_E,Evovlved,1,-0.011431,NA,NA,NA
EnC15,AH17D011,An_EnC15,Ancestor,1,6.5189e-4,NA,NA,NA
EnC15,AH17D011,ev_B,Evovlved,1,-0.001955671,NA,NA,NA
EnC15,AH17D011,ev_C,Evovlved,1,-0.014341591,NA,NA,NA
EnC15,AH17D011,ev_D,Evovlved,1,-0.01303781,NA,NA,NA
EnC15,AH17D011,ev_H,Evovlved,2,-0.010104302499999999,0.031805976266074974,0.022490221499999997,0.28576535894091787
EnC15,AH18J015,An_EnC15,Ancestor,1,0.637141794,NA,NA,NA
EnC15,AH18J015,ev_B,Evovlved,1,0.646520283,NA,NA,NA
EnC15,AH18J015,ev_C,Evovlved,1,0.580945292,NA,NA,NA
EnC15,AH18J015,ev_D,Evovlved,1,0.743170822,NA,NA,NA
EnC15,AH18J015,ev_H,Evovlved,2,0.7181801265,0.005973696777326789,0.0042240414999999976,0.05367153611309842
EnC15,AH19B061,An_EnC15,Ancestor,1,0.183964031,NA,NA,NA
EnC15,AH19B061,ev_B,Evovlved,1,0.106032222,NA,NA,NA
EnC15,AH19B061,ev_C,Evovlved,1,0.013488198,NA,NA,NA
EnC15,AH19B061,ev_D,Evovlved,1,0.112401649,NA,NA,NA
EnC15,AH19B061,ev_H,Evovlved,2,0.053390783,0.003973998093024458,0.0028100410000000027,0.0357049562630451
EnC15,AH19K020,An_EnC15,Ancestor,1,-0.008,NA,NA,NA
EnC15,AH19K020,ev_B,Evovlved,1,0.017818182,NA,NA,NA
EnC15,AH19K020,ev_C,Evovlved,1,-0.014181818,NA,NA,NA
EnC15,AH19K020,ev_D,Evovlved,1,-0.010181818,NA,NA,NA
EnC15,AH19K020,ev_H,Evovlved,2,-0.0069090905,0.009256670525796006,0.0065454545,0.08316788496831595
EnC15,AH20F054,An_EnC15,Ancestor,1,0.02732049,NA,NA,NA
EnC15,AH20F054,ev_B,Evovlved,1,0.505078809,NA,NA,NA
EnC15,AH20F054,ev_C,Evovlved,1,0.420665499,NA,NA,NA
EnC15,AH20F054,ev_D,Evovlved,1,0.096672504,NA,NA,NA
EnC15,AH20F054,ev_H,Evovlved,2,0.23800350250000002,0.0017337119832776318,0.0012259194999999917,0.015576784157068806
EnC15,APO16,An_EnC15,Ancestor,1,0.413910355,NA,NA,NA
EnC15,APO16,ev_B,Evovlved,1,0.46360123600000003,NA,NA,NA
EnC15,APO16,ev_C,Evovlved,1,0.391190108,NA,NA,NA
EnC15,APO16,ev_D,Evovlved,1,0.095054096,NA,NA,NA
EnC15,APO16,ev_H,Evovlved,2,0.509621329,0.0036612178936479872,0.0025888720000000194,0.03289473766775029
EnC15,APO23,An_EnC15,Ancestor,1,-0.023026316,NA,NA,NA
EnC15,APO23,ev_B,Evovlved,1,0.04495614,NA,NA,NA
EnC15,APO23,ev_C,Evovlved,1,-0.031798246,NA,NA,NA
EnC15,APO23,ev_D,Evovlved,1,-0.040570175,NA,NA,NA
EnC15,APO23,ev_H,Evovlved,2,-0.030336257499999998,0.008270255151827211,0.005847953500000001,0.07430529445862938
EnC15,APO24,An_EnC15,Ancestor,1,-0.062336778,NA,NA,NA
EnC15,APO24,ev_B,Evovlved,1,0.064380606,NA,NA,NA
EnC15,APO24,ev_C,Evovlved,1,-0.08924719,NA,NA,NA
EnC15,APO24,ev_D,Evovlved,1,-0.255819235,NA,NA,NA
EnC15,APO24,ev_H,Evovlved,2,0.19433405250000002,0.0020072293715219726,0.0014193254999999988,0.018034240390273498
EnC15,APO25,An_EnC15,Ancestor,1,0.65061598,NA,NA,NA
EnC15,APO25,ev_B,Evovlved,1,0.717669835,NA,NA,NA
EnC15,APO25,ev_C,Evovlved,1,0.736747624,NA,NA,NA
EnC15,APO25,ev_D,Evovlved,1,0.703519887,NA,NA,NA
EnC15,APO25,ev_H,Evovlved,2,0.7298662444999999,0.010179748931160386,0.007198169500000017,0.09146141539268843
EnC15,APO56,An_EnC15,Ancestor,1,0.034005979,NA,NA,NA
EnC15,APO56,ev_B,Evovlved,1,0.035874439,NA,NA,NA
EnC15,APO56,ev_C,Evovlved,1,0.010463378,NA,NA,NA
EnC15,APO56,ev_D,Evovlved,1,0.021674141,NA,NA,NA
EnC15,APO56,ev_H,Evovlved,2,0.009155456,2.642401472751634e-4,1.8684600000000006e-4,0.0023741035301352974
EnC15,APO57,An_EnC15,Ancestor,1,0.726227159,NA,NA,NA
EnC15,APO57,ev_B,Evovlved,1,0.749193837,NA,NA,NA
EnC15,APO57,ev_C,Evovlved,1,0.727302042,NA,NA,NA
EnC15,APO57,ev_D,Evovlved,1,0.729272662,NA,NA,NA
EnC15,APO57,ev_H,Evovlved,2,0.7574883555,0.010666139401667354,0.00754209950000001,0.0958314603876009
EnC15,CPO006,An_EnC15,Ancestor,1,0.62159292,NA,NA,NA
EnC15,CPO006,ev_B,Evovlved,1,0.610619469,NA,NA,NA
EnC15,CPO006,ev_C,Evovlved,1,0.618761062,NA,NA,NA
EnC15,CPO006,ev_D,Evovlved,1,0.610619469,NA,NA,NA
EnC15,CPO006,ev_H,Evovlved,2,0.651716814,0.07914589916121248,0.05596460200000002,0.711097690990532
EnC15,CPO017,An_EnC15,Ancestor,1,6.5189e-4,NA,NA,NA
EnC15,CPO017,ev_B,Evovlved,1,-0.0019557,NA,NA,NA
EnC15,CPO017,ev_C,Evovlved,1,-0.0143416,NA,NA,NA
EnC15,CPO017,ev_D,Evovlved,1,-0.0130378,NA,NA,NA
EnC15,CPO017,ev_H,Evovlved,2,-0.010104289999999998,0.031805960002619,0.022490209999999997,0.2857652128195634
EnC15,CPO020,An_EnC15,Ancestor,1,0.63714179,NA,NA,NA
EnC15,CPO020,ev_B,Evovlved,1,0.64652028,NA,NA,NA
EnC15,CPO020,ev_C,Evovlved,1,0.58094529,NA,NA,NA
EnC15,CPO020,ev_D,Evovlved,1,0.74317082,NA,NA,NA
EnC15,CPO020,ev_H,Evovlved,2,0.718180125,0.005973701727074274,0.00422404500000001,0.05367158058481515
EnC15,CPO053,An_EnC15,Ancestor,1,0.18396403,NA,NA,NA
EnC15,CPO053,ev_B,Evovlved,1,0.10603222,NA,NA,NA
EnC15,CPO053,ev_C,Evovlved,1,0.0134882,NA,NA,NA
EnC15,CPO053,ev_D,Evovlved,1,0.11240165,NA,NA,NA
EnC15,CPO053,ev_H,Evovlved,2,0.05339078,0.003973996678810892,0.0028100399999999998,0.03570494355684033
EnC15,CPO066,An_EnC15,Ancestor,1,-0.008,NA,NA,NA
EnC15,CPO066,ev_B,Evovlved,1,0.01781818,NA,NA,NA
EnC15,CPO066,ev_C,Evovlved,1,-0.0141818,NA,NA,NA
EnC15,CPO066,ev_D,Evovlved,1,-0.0101818,NA,NA,NA
EnC15,CPO066,ev_H,Evovlved,2,-0.00690905,0.009256664161834975,0.0065454499999999995,0.08316782779039464
EnC15,CPO081,An_EnC15,Ancestor,1,0.02732049,NA,NA,NA
EnC15,CPO081,ev_B,Evovlved,1,0.50507881,NA,NA,NA
EnC15,CPO081,ev_C,Evovlved,1,0.4206655,NA,NA,NA
EnC15,CPO081,ev_D,Evovlved,1,0.0966725,NA,NA,NA
EnC15,CPO081,ev_H,Evovlved,2,0.23800349999999998,0.0017337126903844322,0.0012259200000000053,0.015576790510171346
EnC15,CPO091,An_EnC15,Ancestor,1,0.41391036,NA,NA,NA
EnC15,CPO091,ev_B,Evovlved,1,0.46360124,NA,NA,NA
EnC15,CPO091,ev_C,Evovlved,1,0.39119011,NA,NA,NA
EnC15,CPO091,ev_D,Evovlved,1,0.0950541,NA,NA,NA
EnC15,CPO091,ev_H,Evovlved,2,0.50962133,0.0036612150652207856,0.0025888699999999654,0.03289471225534014
EnC15,CPO093,An_EnC15,Ancestor,1,-0.0230263,NA,NA,NA
EnC15,CPO093,ev_B,Evovlved,1,0.04495614,NA,NA,NA
EnC15,CPO093,ev_C,Evovlved,1,-0.0317982,NA,NA,NA
EnC15,CPO093,ev_D,Evovlved,1,-0.0405702,NA,NA,NA
EnC15,CPO093,ev_H,Evovlved,2,-0.030336250000000002,0.00827025020207974,0.0058479499999999985,0.07430524998691278
EnC15,CPO123,An_EnC15,Ancestor,1,-0.0623368,NA,NA,NA
EnC15,CPO123,ev_B,Evovlved,1,0.06438061,NA,NA,NA
EnC15,CPO123,ev_C,Evovlved,1,-0.0892472,NA,NA,NA
EnC15,CPO123,ev_D,Evovlved,1,-0.2558192,NA,NA,NA
EnC15,CPO123,ev_H,Evovlved,2,0.194334055,0.002007228664415192,0.001419324999999999,0.018034234037171134
EnC15,CPO165,An_EnC15,Ancestor,1,0.65061598,NA,NA,NA
EnC15,CPO165,ev_B,Evovlved,1,0.71766983,NA,NA,NA
EnC15,CPO165,ev_C,Evovlved,1,0.73674762,NA,NA,NA
EnC15,CPO165,ev_D,Evovlved,1,0.70351989,NA,NA,NA
EnC15,CPO165,ev_H,Evovlved,2,0.72986624,0.010179749638267148,0.007198170000000004,0.09146142174579064
EnC15,CPO166,An_EnC15,Ancestor,1,0.03400598,NA,NA,NA
EnC15,CPO166,ev_B,Evovlved,1,0.03587444,NA,NA,NA
EnC15,CPO166,ev_C,Evovlved,1,0.01046338,NA,NA,NA
EnC15,CPO166,ev_D,Evovlved,1,0.02167414,NA,NA,NA
EnC15,CPO166,ev_H,Evovlved,2,0.009155455,2.6423873306160054e-4,1.868449999999997e-4,0.0023740908239305563
EnC15,CPO177,An_EnC15,Ancestor,1,0.72622716,NA,NA,NA
EnC15,CPO177,ev_B,Evovlved,1,0.74919384,NA,NA,NA
EnC15,CPO177,ev_C,Evovlved,1,0.72730204,NA,NA,NA
EnC15,CPO177,ev_D,Evovlved,1,0.72927266,NA,NA,NA
EnC15,CPO177,ev_H,Evovlved,2,0.75748836,0.010666140108774114,0.007542099999999995,0.09583146674070309
EnC15,CPO179,An_EnC15,Ancestor,1,0.62159292,NA,NA,NA
EnC15,CPO179,ev_B,Evovlved,1,0.61061947,NA,NA,NA
EnC15,CPO179,ev_C,Evovlved,1,0.61876106,NA,NA,NA
EnC15,CPO179,ev_D,Evovlved,1,0.61061947,NA,NA,NA
EnC15,CPO179,ev_H,Evovlved,2,0.651716815,0.07914590340385314,0.055964605,0.7110977291091459
EnC15,CPO239,An_EnC15,Ancestor,1,0.11533052,NA,NA,NA
EnC15,CPO239,ev_B,Evovlved,1,0.519456165,NA,NA,NA
EnC15,CPO239,ev_C,Evovlved,1,0.257383966,NA,NA,NA
EnC15,CPO239,ev_D,Evovlved,1,0.189873418,NA,NA,NA
EnC15,CPO239,ev_H,Evovlved,2,0.2634786685,0.013260324677223405,0.009376465499999986,0.11913929034467843
EnC15,CPO244,An_EnC15,Ancestor,1,0.004627844,NA,NA,NA
EnC15,CPO244,ev_B,Evovlved,1,-0.001928268,NA,NA,NA
EnC15,CPO244,ev_C,Evovlved,1,0.032780563,NA,NA,NA
EnC15,CPO244,ev_D,Evovlved,1,-0.005399152,NA,NA,NA
EnC15,CPO244,ev_H,Evovlved,2,0.004435017499999999,0.023179358388412834,0.016390281499999996,0.2082582724225364
EnC15,CPO268,An_EnC15,Ancestor,1,0.572988715,NA,NA,NA
EnC15,CPO268,ev_B,Evovlved,1,0.918201675,NA,NA,NA
EnC15,CPO268,ev_C,Evovlved,1,0.654823444,NA,NA,NA
EnC15,CPO268,ev_D,Evovlved,1,0.549326538,NA,NA,NA
EnC15,CPO268,ev_H,Evovlved,2,0.548052421,0.12329965334754547,0.08718602099999999,1.107803432958426
EnC15,CPO272,An_EnC15,Ancestor,1,0.054667163,NA,NA,NA
EnC15,CPO272,ev_B,Evovlved,1,0.240981778,NA,NA,NA
EnC15,CPO272,ev_C,Evovlved,1,0.281889178,NA,NA,NA
EnC15,CPO272,ev_D,Evovlved,1,-0.001115656,NA,NA,NA
EnC15,CPO272,ev_H,Evovlved,2,-0.0113425065,0.008151844464463272,0.005764224499999999,0.07324141664227418
EnC15,CPO287,An_EnC15,Ancestor,1,0.025761974,NA,NA,NA
EnC15,CPO287,ev_B,Evovlved,1,0.212626996,NA,NA,NA
EnC15,CPO287,ev_C,Evovlved,1,0.034833091,NA,NA,NA
EnC15,CPO287,ev_D,Evovlved,1,0.003628447,NA,NA,NA
EnC15,CPO287,ev_H,Evovlved,2,-0.0039912915,0.006157678890723719,0.0043541364999999995,0.05532454981825109
EnC15,CPO299,An_EnC15,Ancestor,1,0.583394294,NA,NA,NA
EnC15,CPO299,ev_B,Evovlved,1,0.797878566,NA,NA,NA
EnC15,CPO299,ev_C,Evovlved,1,0.64491587399999994,NA,NA,NA
EnC15,CPO299,ev_D,Evovlved,1,0.675786394,NA,NA,NA
EnC15,CPO299,ev_H,Evovlved,2,0.6844732995,0.002043212621402993,0.001444769499999998,0.018357537063580717
EnC15,CPO312,An_EnC15,Ancestor,1,0.536524823,NA,NA,NA
EnC15,CPO312,ev_B,Evovlved,1,0.901950355,NA,NA,NA
EnC15,CPO312,ev_C,Evovlved,1,0.784113475,NA,NA,NA
EnC15,CPO312,ev_D,Evovlved,1,0.49929078,NA,NA,NA
EnC15,CPO312,ev_H,Evovlved,2,0.6941489359999999,0.15671692868515263,0.11081560299999998,1.4080457396806543
EnC15,CPO351,An_EnC15,Ancestor,1,0.06546951,NA,NA,NA
EnC15,CPO351,ev_B,Evovlved,1,-0.03030303,NA,NA,NA
EnC15,CPO351,ev_C,Evovlved,1,0.722783389,NA,NA,NA
EnC15,CPO351,ev_D,Evovlved,1,0.023194912,NA,NA,NA
EnC15,CPO351,ev_H,Evovlved,2,0.694201272,0.009999489734966394,0.007070707000000009,0.08984185077150367
EnC15,CPO353,An_EnC15,Ancestor,1,0.298984035,NA,NA,NA
EnC15,CPO353,ev_B,Evovlved,1,0.234760522,NA,NA,NA
EnC15,CPO353,ev_C,Evovlved,1,0.237300435,NA,NA,NA
EnC15,CPO353,ev_D,Evovlved,1,0.33563135,NA,NA,NA
EnC15,CPO353,ev_H,Evovlved,2,0.333635704,0.01924274573801651,0.01360667600000001,0.17288921103479465
EnC15,CPO390,An_EnC15,Ancestor,1,0.020610968,NA,NA,NA
EnC15,CPO390,ev_B,Evovlved,1,0.009937431,NA,NA,NA
EnC15,CPO390,ev_C,Evovlved,1,0.800478469,NA,NA,NA
EnC15,CPO390,ev_D,Evovlved,1,0.050423261,NA,NA,NA
EnC15,CPO390,ev_H,Evovlved,2,0.744258373,0.013819421988292377,0.009771807000000021,0.12416258038438528
EnC15,CPO391,An_EnC15,Ancestor,1,0.021407837,NA,NA,NA
EnC15,CPO391,ev_B,Evovlved,1,-0.009433962,NA,NA,NA
EnC15,CPO391,ev_C,Evovlved,1,0.75,NA,NA,NA
EnC15,CPO391,ev_D,Evovlved,1,0.018867925,NA,NA,NA
EnC15,CPO391,ev_H,Evovlved,2,0.7945029029999999,0.012341014443895994,0.008726414999999986,0.11087961560282569
EnC15,CPO448,An_EnC15,Ancestor,1,0.009597638,NA,NA,NA
EnC15,CPO448,ev_B,Evovlved,1,3.6914e-4,NA,NA,NA
EnC15,CPO448,ev_C,Evovlved,1,0.773421927,NA,NA,NA
EnC15,CPO448,ev_D,Evovlved,1,0.07715024,NA,NA,NA
EnC15,CPO448,ev_H,Evovlved,2,0.750129199,0.023596328650676818,0.016685123999999992,0.21200460159246193
